Path,h,w,Class
images/addict/0.jpg,808,581,addict
images/addict/1.jpg,808,581,addict
images/addict/10.jpg,808,581,addict
images/addict/100.jpg,808,581,addict
images/addict/101.jpg,808,581,addict
images/addict/102.jpg,808,581,addict
images/addict/103.jpg,808,581,addict
images/addict/104.jpg,808,581,addict
images/addict/105.jpg,808,581,addict
images/addict/106.jpg,808,581,addict
images/addict/107.jpg,808,581,addict
images/addict/108.jpg,808,581,addict
images/addict/109.jpg,808,581,addict
images/addict/11.jpg,808,581,addict
images/addict/110.jpg,808,581,addict
images/addict/111.jpg,808,581,addict
images/addict/112.jpg,808,581,addict
images/addict/113.jpg,808,581,addict
images/addict/114.jpg,808,581,addict
images/addict/115.jpg,808,581,addict
images/addict/116.jpg,808,581,addict
images/addict/117.jpg,808,581,addict
images/addict/118.jpg,808,581,addict
images/addict/119.jpg,808,581,addict
images/addict/12.jpg,808,581,addict
images/addict/121.jpg,808,581,addict
images/addict/122.jpg,808,581,addict
images/addict/123.jpg,808,581,addict
images/addict/124.jpg,808,581,addict
images/addict/125.jpg,808,581,addict
images/addict/126.jpg,808,581,addict
images/addict/127.jpg,808,581,addict
images/addict/128.jpg,808,581,addict
images/addict/129.jpg,808,581,addict
images/addict/13.jpg,808,581,addict
images/addict/130.jpg,808,581,addict
images/addict/131.jpg,808,581,addict
images/addict/132.jpg,808,581,addict
images/addict/133.jpg,808,581,addict
images/addict/134.jpg,808,581,addict
images/addict/135.jpg,808,581,addict
images/addict/136.jpg,808,581,addict
images/addict/137.jpg,808,581,addict
images/addict/138.jpg,808,581,addict
images/addict/139.jpg,808,581,addict
images/addict/14.jpg,808,581,addict
images/addict/140.jpg,808,581,addict
images/addict/141.jpg,808,581,addict
images/addict/142.jpg,808,581,addict
images/addict/143.jpg,808,581,addict
images/addict/144.jpg,808,581,addict
images/addict/145.jpg,808,581,addict
images/addict/146.jpg,808,581,addict
images/addict/147.jpg,808,581,addict
images/addict/148.jpg,808,581,addict
images/addict/149.jpg,808,581,addict
images/addict/15.jpg,808,581,addict
images/addict/150.jpg,808,581,addict
images/addict/151.jpg,808,581,addict
images/addict/152.jpg,808,581,addict
images/addict/153.jpg,808,581,addict
images/addict/154.jpg,808,581,addict
images/addict/155.jpg,808,581,addict
images/addict/156.jpg,808,581,addict
images/addict/157.jpg,808,581,addict
images/addict/158.jpg,808,581,addict
images/addict/159.jpg,808,581,addict
images/addict/16.jpg,808,581,addict
images/addict/160.jpg,808,581,addict
images/addict/161.jpg,808,581,addict
images/addict/162.jpg,808,581,addict
images/addict/163.jpg,808,581,addict
images/addict/164.jpg,808,581,addict
images/addict/165.jpg,808,581,addict
images/addict/166.jpg,808,581,addict
images/addict/167.jpg,808,581,addict
images/addict/168.jpg,808,581,addict
images/addict/169.jpg,808,581,addict
images/addict/17.jpg,808,581,addict
images/addict/170.jpg,808,581,addict
images/addict/171.jpg,808,581,addict
images/addict/172.jpg,808,581,addict
images/addict/173.jpg,808,581,addict
images/addict/174.jpg,808,581,addict
images/addict/175.jpg,808,581,addict
images/addict/176.jpg,808,581,addict
images/addict/177.jpg,808,581,addict
images/addict/178.jpg,808,581,addict
images/addict/179.jpg,808,581,addict
images/addict/18.jpg,808,581,addict
images/addict/180.jpg,808,581,addict
images/addict/181.jpg,808,581,addict
images/addict/182.jpg,808,581,addict
images/addict/183.jpg,808,581,addict
images/addict/184.jpg,808,581,addict
images/addict/185.jpg,808,581,addict
images/addict/186.jpg,808,581,addict
images/addict/187.jpg,808,581,addict
images/addict/188.jpg,808,581,addict
images/addict/189.jpg,808,581,addict
images/addict/19.jpg,808,581,addict
images/addict/190.jpg,808,581,addict
images/addict/191.jpg,808,581,addict
images/addict/192.jpg,808,581,addict
images/addict/193.jpg,808,581,addict
images/addict/194.jpg,808,581,addict
images/addict/195.jpg,808,581,addict
images/addict/196.jpg,808,581,addict
images/addict/197.jpg,808,581,addict
images/addict/198.jpg,808,581,addict
images/addict/199.jpg,808,581,addict
images/addict/2.jpg,808,581,addict
images/addict/20.jpg,808,581,addict
images/addict/200.jpg,808,581,addict
images/addict/201.jpg,808,581,addict
images/addict/202.jpg,808,581,addict
images/addict/203.jpg,808,581,addict
images/addict/204.jpg,808,581,addict
images/addict/205.jpg,808,581,addict
images/addict/206.jpg,808,581,addict
images/addict/207.jpg,808,581,addict
images/addict/208.jpg,808,581,addict
images/addict/209.jpg,808,581,addict
images/addict/21.jpg,808,581,addict
images/addict/210.jpg,808,581,addict
images/addict/211.jpg,808,581,addict
images/addict/212.jpg,808,581,addict
images/addict/213.jpg,808,581,addict
images/addict/214.jpg,808,581,addict
images/addict/215.jpg,808,581,addict
images/addict/216.jpg,808,581,addict
images/addict/217.jpg,808,581,addict
images/addict/218.jpg,808,581,addict
images/addict/219.jpg,808,581,addict
images/addict/22.jpg,808,581,addict
images/addict/220.jpg,808,581,addict
images/addict/221.jpg,808,581,addict
images/addict/222.jpg,808,581,addict
images/addict/223.jpg,808,581,addict
images/addict/224.jpg,808,581,addict
images/addict/225.jpg,808,581,addict
images/addict/226.jpg,808,581,addict
images/addict/227.jpg,808,581,addict
images/addict/229.jpg,808,581,addict
images/addict/23.jpg,808,581,addict
images/addict/230.jpg,808,581,addict
images/addict/232.jpg,808,581,addict
images/addict/233.jpg,808,581,addict
images/addict/234.jpg,808,581,addict
images/addict/235.jpg,808,581,addict
images/addict/236.jpg,808,581,addict
images/addict/237.jpg,808,581,addict
images/addict/238.jpg,808,581,addict
images/addict/239.jpg,808,581,addict
images/addict/24.jpg,808,581,addict
images/addict/240.jpg,808,581,addict
images/addict/241.jpg,808,581,addict
images/addict/242.jpg,808,581,addict
images/addict/243.jpg,808,581,addict
images/addict/244.jpg,808,581,addict
images/addict/245.jpg,808,581,addict
images/addict/246.jpg,808,581,addict
images/addict/247.jpg,808,581,addict
images/addict/248.jpg,808,581,addict
images/addict/249.jpg,808,581,addict
images/addict/25.jpg,808,581,addict
images/addict/251.jpg,808,581,addict
images/addict/252.jpg,808,581,addict
images/addict/253.jpg,808,581,addict
images/addict/254.jpg,808,581,addict
images/addict/255.jpg,808,581,addict
images/addict/256.jpg,808,581,addict
images/addict/257.jpg,808,581,addict
images/addict/258.jpg,808,581,addict
images/addict/259.jpg,808,581,addict
images/addict/26.jpg,808,581,addict
images/addict/260.jpg,808,581,addict
images/addict/261.jpg,808,581,addict
images/addict/262.jpg,808,581,addict
images/addict/263.jpg,808,581,addict
images/addict/264.jpg,808,581,addict
images/addict/265.jpg,808,581,addict
images/addict/266.jpg,808,581,addict
images/addict/267.jpg,808,581,addict
images/addict/268.jpg,808,581,addict
images/addict/269.jpg,808,581,addict
images/addict/27.jpg,808,581,addict
images/addict/270.jpg,808,581,addict
images/addict/271.jpg,808,581,addict
images/addict/272.jpg,808,581,addict
images/addict/273.jpg,808,581,addict
images/addict/274.jpg,808,581,addict
images/addict/275.jpg,808,581,addict
images/addict/276.jpg,808,581,addict
images/addict/277.jpg,808,581,addict
images/addict/278.jpg,808,581,addict
images/addict/279.jpg,808,581,addict
images/addict/28.jpg,808,581,addict
images/addict/280.jpg,808,581,addict
images/addict/281.jpg,808,581,addict
images/addict/282.jpg,808,581,addict
images/addict/283.jpg,808,581,addict
images/addict/284.jpg,808,581,addict
images/addict/285.jpg,808,581,addict
images/addict/286.jpg,808,581,addict
images/addict/287.jpg,808,581,addict
images/addict/288.jpg,808,581,addict
images/addict/289.jpg,808,581,addict
images/addict/29.jpg,1,1,addict
images/addict/290.jpg,808,581,addict
images/addict/291.jpg,808,581,addict
images/addict/292.jpg,808,581,addict
images/addict/293.jpg,808,581,addict
images/addict/294.jpg,808,581,addict
images/addict/295.jpg,808,581,addict
images/addict/296.jpg,808,581,addict
images/addict/297.jpg,808,581,addict
images/addict/298.jpg,808,581,addict
images/addict/299.jpg,808,581,addict
images/addict/3.jpg,808,581,addict
images/addict/30.jpg,808,581,addict
images/addict/300.jpg,808,581,addict
images/addict/301.jpg,808,581,addict
images/addict/302.jpg,808,581,addict
images/addict/303.jpg,808,581,addict
images/addict/304.jpg,808,581,addict
images/addict/305.jpg,808,581,addict
images/addict/306.jpg,808,581,addict
images/addict/307.jpg,808,581,addict
images/addict/308.jpg,808,581,addict
images/addict/309.jpg,808,581,addict
images/addict/31.jpg,808,581,addict
images/addict/310.jpg,808,581,addict
images/addict/311.jpg,808,581,addict
images/addict/312.jpg,808,581,addict
images/addict/313.jpg,808,581,addict
images/addict/314.jpg,808,581,addict
images/addict/315.jpg,808,581,addict
images/addict/316.jpg,808,581,addict
images/addict/317.jpg,808,581,addict
images/addict/318.jpg,808,581,addict
images/addict/319.jpg,808,581,addict
images/addict/32.jpg,808,581,addict
images/addict/320.jpg,808,581,addict
images/addict/321.jpg,808,581,addict
images/addict/322.jpg,808,581,addict
images/addict/323.jpg,808,581,addict
images/addict/324.jpg,808,581,addict
images/addict/325.jpg,808,581,addict
images/addict/326.jpg,808,581,addict
images/addict/327.jpg,808,581,addict
images/addict/328.jpg,808,581,addict
images/addict/329.jpg,808,581,addict
images/addict/33.jpg,808,581,addict
images/addict/330.jpg,808,581,addict
images/addict/331.jpg,808,581,addict
images/addict/332.jpg,808,581,addict
images/addict/333.jpg,808,581,addict
images/addict/334.jpg,808,581,addict
images/addict/335.jpg,808,581,addict
images/addict/336.jpg,808,581,addict
images/addict/337.jpg,808,581,addict
images/addict/338.jpg,808,581,addict
images/addict/339.jpg,808,581,addict
images/addict/34.jpg,808,581,addict
images/addict/340.jpg,808,581,addict
images/addict/341.jpg,808,581,addict
images/addict/342.jpg,808,581,addict
images/addict/343.jpg,808,581,addict
images/addict/344.jpg,808,581,addict
images/addict/345.jpg,808,581,addict
images/addict/346.jpg,808,581,addict
images/addict/347.jpg,808,581,addict
images/addict/348.jpg,808,581,addict
images/addict/349.jpg,808,581,addict
images/addict/35.jpg,808,581,addict
images/addict/350.jpg,808,581,addict
images/addict/351.jpg,808,581,addict
images/addict/352.jpg,808,581,addict
images/addict/353.jpg,808,581,addict
images/addict/354.jpg,808,581,addict
images/addict/355.jpg,808,581,addict
images/addict/356.jpg,808,581,addict
images/addict/357.jpg,808,581,addict
images/addict/358.jpg,808,581,addict
images/addict/359.jpg,808,581,addict
images/addict/36.jpg,808,581,addict
images/addict/360.jpg,808,581,addict
images/addict/361.jpg,808,581,addict
images/addict/362.jpg,808,581,addict
images/addict/363.jpg,808,581,addict
images/addict/364.jpg,808,581,addict
images/addict/365.jpg,808,581,addict
images/addict/366.jpg,808,581,addict
images/addict/367.jpg,808,581,addict
images/addict/368.jpg,808,581,addict
images/addict/369.jpg,808,581,addict
images/addict/37.jpg,808,581,addict
images/addict/370.jpg,808,581,addict
images/addict/371.jpg,808,581,addict
images/addict/372.jpg,808,581,addict
images/addict/373.jpg,808,581,addict
images/addict/374.jpg,808,581,addict
images/addict/375.jpg,808,581,addict
images/addict/376.jpg,808,581,addict
images/addict/377.jpg,808,581,addict
images/addict/378.jpg,808,581,addict
images/addict/379.jpg,808,581,addict
images/addict/38.jpg,808,581,addict
images/addict/380.jpg,808,581,addict
images/addict/381.jpg,808,581,addict
images/addict/382.jpg,808,581,addict
images/addict/383.jpg,808,581,addict
images/addict/384.jpg,808,581,addict
images/addict/385.jpg,808,581,addict
images/addict/386.jpg,808,581,addict
images/addict/387.jpg,808,581,addict
images/addict/388.jpg,808,581,addict
images/addict/389.jpg,808,581,addict
images/addict/39.jpg,808,581,addict
images/addict/390.jpg,808,581,addict
images/addict/391.jpg,808,581,addict
images/addict/392.jpg,808,581,addict
images/addict/393.jpg,808,581,addict
images/addict/394.jpg,808,581,addict
images/addict/395.jpg,808,581,addict
images/addict/396.jpg,808,581,addict
images/addict/397.jpg,808,581,addict
images/addict/398.jpg,808,581,addict
images/addict/399.jpg,808,581,addict
images/addict/4.jpg,808,581,addict
images/addict/40.jpg,808,581,addict
images/addict/400.jpg,808,581,addict
images/addict/401.jpg,808,581,addict
images/addict/402.jpg,808,581,addict
images/addict/403.jpg,808,581,addict
images/addict/404.jpg,808,581,addict
images/addict/405.jpg,1,1,addict
images/addict/406.jpg,808,581,addict
images/addict/407.jpg,808,581,addict
images/addict/408.jpg,808,581,addict
images/addict/409.jpg,808,581,addict
images/addict/41.jpg,808,581,addict
images/addict/410.jpg,808,581,addict
images/addict/411.jpg,808,581,addict
images/addict/412.jpg,808,581,addict
images/addict/413.jpg,808,581,addict
images/addict/414.jpg,808,581,addict
images/addict/415.jpg,808,581,addict
images/addict/416.jpg,808,581,addict
images/addict/417.jpg,808,581,addict
images/addict/418.jpg,808,581,addict
images/addict/419.jpg,808,581,addict
images/addict/42.jpg,808,581,addict
images/addict/420.jpg,808,581,addict
images/addict/421.jpg,808,581,addict
images/addict/422.jpg,808,581,addict
images/addict/423.jpg,808,581,addict
images/addict/424.jpg,808,581,addict
images/addict/425.jpg,808,581,addict
images/addict/426.jpg,808,581,addict
images/addict/427.jpg,808,581,addict
images/addict/428.jpg,808,581,addict
images/addict/429.jpg,808,581,addict
images/addict/43.jpg,808,581,addict
images/addict/430.jpg,808,581,addict
images/addict/431.jpg,808,581,addict
images/addict/432.jpg,808,581,addict
images/addict/433.jpg,808,581,addict
images/addict/434.jpg,808,581,addict
images/addict/435.jpg,808,581,addict
images/addict/436.jpg,808,581,addict
images/addict/437.jpg,808,581,addict
images/addict/438.jpg,808,581,addict
images/addict/439.jpg,808,581,addict
images/addict/44.jpg,808,581,addict
images/addict/440.jpg,808,581,addict
images/addict/441.jpg,808,581,addict
images/addict/442.jpg,808,581,addict
images/addict/443.jpg,808,581,addict
images/addict/444.jpg,808,581,addict
images/addict/445.jpg,808,581,addict
images/addict/446.jpg,808,581,addict
images/addict/447.jpg,808,581,addict
images/addict/448.jpg,808,581,addict
images/addict/449.jpg,808,581,addict
images/addict/45.jpg,808,581,addict
images/addict/450.jpg,808,581,addict
images/addict/451.jpg,808,581,addict
images/addict/452.jpg,808,581,addict
images/addict/453.jpg,808,581,addict
images/addict/454.jpg,808,581,addict
images/addict/455.jpg,808,581,addict
images/addict/456.jpg,808,581,addict
images/addict/457.jpg,808,581,addict
images/addict/458.jpg,808,581,addict
images/addict/459.jpg,808,581,addict
images/addict/46.jpg,808,581,addict
images/addict/460.jpg,808,581,addict
images/addict/461.jpg,808,581,addict
images/addict/462.jpg,808,581,addict
images/addict/463.jpg,808,581,addict
images/addict/464.jpg,808,581,addict
images/addict/465.jpg,808,581,addict
images/addict/466.jpg,808,581,addict
images/addict/467.jpg,808,581,addict
images/addict/468.jpg,808,581,addict
images/addict/469.jpg,808,581,addict
images/addict/470.jpg,808,581,addict
images/addict/471.jpg,808,581,addict
images/addict/472.jpg,808,581,addict
images/addict/473.jpg,808,581,addict
images/addict/474.jpg,808,581,addict
images/addict/475.jpg,808,581,addict
images/addict/476.jpg,808,581,addict
images/addict/477.jpg,808,581,addict
images/addict/478.jpg,808,581,addict
images/addict/479.jpg,808,581,addict
images/addict/48.jpg,808,581,addict
images/addict/49.jpg,808,581,addict
images/addict/5.jpg,808,581,addict
images/addict/50.jpg,808,581,addict
images/addict/51.jpg,808,581,addict
images/addict/52.jpg,808,581,addict
images/addict/53.jpg,808,581,addict
images/addict/54.jpg,808,581,addict
images/addict/55.jpg,808,581,addict
images/addict/56.jpg,808,581,addict
images/addict/57.jpg,808,581,addict
images/addict/58.jpg,808,581,addict
images/addict/59.jpg,808,581,addict
images/addict/6.jpg,808,581,addict
images/addict/60.jpg,808,581,addict
images/addict/61.jpg,808,581,addict
images/addict/62.jpg,808,581,addict
images/addict/63.jpg,808,581,addict
images/addict/64.jpg,808,581,addict
images/addict/65.jpg,808,581,addict
images/addict/66.jpg,808,581,addict
images/addict/67.jpg,808,581,addict
images/addict/68.jpg,808,581,addict
images/addict/7.jpg,808,581,addict
images/addict/70.jpg,808,581,addict
images/addict/71.jpg,808,581,addict
images/addict/72.jpg,808,581,addict
images/addict/73.jpg,808,581,addict
images/addict/74.jpg,808,581,addict
images/addict/75.jpg,808,581,addict
images/addict/76.jpg,808,581,addict
images/addict/77.jpg,808,581,addict
images/addict/78.jpg,808,581,addict
images/addict/79.jpg,808,581,addict
images/addict/8.jpg,808,581,addict
images/addict/80.jpg,808,581,addict
images/addict/81.jpg,808,581,addict
images/addict/82.jpg,808,581,addict
images/addict/83.jpg,808,581,addict
images/addict/84.jpg,808,581,addict
images/addict/85.jpg,808,581,addict
images/addict/86.jpg,808,581,addict
images/addict/87.jpg,808,581,addict
images/addict/88.jpg,808,581,addict
images/addict/89.jpg,808,581,addict
images/addict/9.jpg,808,581,addict
images/addict/90.jpg,808,581,addict
images/addict/91.jpg,808,581,addict
images/addict/92.jpg,808,581,addict
images/addict/93.jpg,808,581,addict
images/addict/94.jpg,808,581,addict
images/addict/95.jpg,808,581,addict
images/addict/96.jpg,808,581,addict
images/addict/97.jpg,808,581,addict
images/addict/98.jpg,808,581,addict
images/addict/99.jpg,808,581,addict
images/click/0.jpg,1000,753,click
images/click/1.jpg,1000,753,click
images/click/10.jpg,1000,753,click
images/click/100.jpg,1000,753,click
images/click/101.jpg,1000,753,click
images/click/102.jpg,1000,753,click
images/click/103.jpg,1000,753,click
images/click/104.jpg,1000,753,click
images/click/105.jpg,1000,753,click
images/click/106.jpg,1000,753,click
images/click/107.jpg,1000,753,click
images/click/108.jpg,1000,753,click
images/click/109.jpg,1000,753,click
images/click/11.jpg,1000,753,click
images/click/110.jpg,1000,753,click
images/click/111.jpg,1000,753,click
images/click/112.jpg,1000,753,click
images/click/113.jpg,1000,753,click
images/click/114.jpg,1000,753,click
images/click/115.jpg,1000,753,click
images/click/116.jpg,1000,753,click
images/click/117.jpg,1000,753,click
images/click/118.jpg,1000,753,click
images/click/119.jpg,1000,753,click
images/click/12.jpg,1000,753,click
images/click/120.jpg,1000,753,click
images/click/121.jpg,1000,753,click
images/click/122.jpg,1000,753,click
images/click/123.jpg,1000,753,click
images/click/124.jpg,1000,753,click
images/click/125.jpg,1000,753,click
images/click/126.jpg,1000,753,click
images/click/127.jpg,1000,753,click
images/click/128.jpg,1000,753,click
images/click/129.jpg,1000,753,click
images/click/13.jpg,1000,753,click
images/click/130.jpg,1000,753,click
images/click/131.jpg,1000,753,click
images/click/132.jpg,1000,753,click
images/click/133.jpg,1000,753,click
images/click/134.jpg,1000,753,click
images/click/135.jpg,1000,753,click
images/click/136.jpg,1000,753,click
images/click/137.jpg,1000,753,click
images/click/138.jpg,1000,753,click
images/click/139.jpg,1000,753,click
images/click/14.jpg,1000,753,click
images/click/140.jpg,1000,753,click
images/click/141.jpg,1000,753,click
images/click/142.jpg,1000,753,click
images/click/143.jpg,1000,753,click
images/click/144.jpg,1000,753,click
images/click/145.jpg,1000,753,click
images/click/146.jpg,1000,753,click
images/click/147.jpg,1000,753,click
images/click/148.jpg,1000,753,click
images/click/149.jpg,1000,753,click
images/click/15.jpg,1000,753,click
images/click/150.jpg,1000,753,click
images/click/151.jpg,1000,753,click
images/click/152.jpg,1000,753,click
images/click/153.jpg,1000,753,click
images/click/154.jpg,1000,753,click
images/click/155.jpg,1000,753,click
images/click/156.jpg,1000,753,click
images/click/157.jpg,1000,753,click
images/click/158.jpg,1000,753,click
images/click/159.jpg,1000,753,click
images/click/16.jpg,1000,753,click
images/click/160.jpg,1000,753,click
images/click/161.jpg,1000,753,click
images/click/162.jpg,1000,753,click
images/click/163.jpg,1000,753,click
images/click/164.jpg,1000,753,click
images/click/165.jpg,1000,753,click
images/click/166.jpg,1000,753,click
images/click/167.jpg,1000,753,click
images/click/168.jpg,1000,753,click
images/click/169.jpg,1000,753,click
images/click/17.jpg,1000,753,click
images/click/170.jpg,1000,753,click
images/click/171.jpg,1000,753,click
images/click/172.jpg,1000,753,click
images/click/173.jpg,1000,753,click
images/click/174.jpg,1000,753,click
images/click/175.jpg,1000,753,click
images/click/176.jpg,1000,753,click
images/click/177.jpg,1000,753,click
images/click/178.jpg,1000,753,click
images/click/179.jpg,1000,753,click
images/click/18.jpg,1000,753,click
images/click/180.jpg,1000,753,click
images/click/181.jpg,1000,753,click
images/click/182.jpg,1000,753,click
images/click/183.jpg,1000,753,click
images/click/184.jpg,1000,753,click
images/click/185.jpg,1000,753,click
images/click/186.jpg,1000,753,click
images/click/187.jpg,1000,753,click
images/click/188.jpg,1000,753,click
images/click/189.jpg,1000,753,click
images/click/19.jpg,1000,753,click
images/click/190.jpg,1000,753,click
images/click/191.jpg,1000,753,click
images/click/192.jpg,1000,753,click
images/click/193.jpg,1000,753,click
images/click/194.jpg,1000,753,click
images/click/195.jpg,1000,753,click
images/click/196.jpg,1000,753,click
images/click/197.jpg,1000,753,click
images/click/198.jpg,1000,753,click
images/click/199.jpg,1000,753,click
images/click/2.jpg,1000,753,click
images/click/20.jpg,1000,753,click
images/click/200.jpg,1000,753,click
images/click/201.jpg,1000,753,click
images/click/202.jpg,1000,753,click
images/click/203.jpg,1,1,click
images/click/204.jpg,1000,753,click
images/click/205.jpg,1000,753,click
images/click/206.jpg,1000,753,click
images/click/207.jpg,1000,753,click
images/click/208.jpg,1000,753,click
images/click/209.jpg,1000,753,click
images/click/21.jpg,1000,753,click
images/click/210.jpg,1000,753,click
images/click/211.jpg,1000,753,click
images/click/212.jpg,1000,753,click
images/click/213.jpg,1000,753,click
images/click/214.jpg,1000,753,click
images/click/215.jpg,1000,753,click
images/click/216.jpg,1000,753,click
images/click/217.jpg,1000,753,click
images/click/218.jpg,1000,753,click
images/click/219.jpg,1000,753,click
images/click/22.jpg,1000,753,click
images/click/220.jpg,1000,753,click
images/click/221.jpg,1000,753,click
images/click/222.jpg,1000,753,click
images/click/223.jpg,1000,753,click
images/click/224.jpg,1000,753,click
images/click/225.jpg,1000,753,click
images/click/226.jpg,1000,753,click
images/click/227.jpg,1000,753,click
images/click/228.jpg,1000,753,click
images/click/229.jpg,1000,753,click
images/click/23.jpg,1000,753,click
images/click/230.jpg,1000,753,click
images/click/231.jpg,1000,753,click
images/click/232.jpg,1000,753,click
images/click/233.jpg,1000,753,click
images/click/234.jpg,1000,753,click
images/click/235.jpg,1000,753,click
images/click/236.jpg,1000,753,click
images/click/237.jpg,1000,753,click
images/click/238.jpg,1000,753,click
images/click/239.jpg,1000,753,click
images/click/24.jpg,1000,753,click
images/click/240.jpg,1000,753,click
images/click/241.jpg,1000,753,click
images/click/242.jpg,1000,753,click
images/click/243.jpg,1000,753,click
images/click/244.jpg,1000,753,click
images/click/245.jpg,1000,753,click
images/click/246.jpg,1000,753,click
images/click/247.jpg,1000,753,click
images/click/248.jpg,1000,753,click
images/click/249.jpg,1000,753,click
images/click/25.jpg,1000,753,click
images/click/250.jpg,1000,753,click
images/click/251.jpg,1000,753,click
images/click/252.jpg,1000,753,click
images/click/253.jpg,1000,753,click
images/click/254.jpg,1000,753,click
images/click/255.jpg,1000,753,click
images/click/256.jpg,1000,753,click
images/click/257.jpg,1000,753,click
images/click/258.jpg,1000,753,click
images/click/259.jpg,1000,753,click
images/click/26.jpg,1000,753,click
images/click/260.jpg,1000,753,click
images/click/261.jpg,1000,753,click
images/click/262.jpg,1000,753,click
images/click/263.jpg,1000,753,click
images/click/264.jpg,1000,753,click
images/click/265.jpg,1000,753,click
images/click/266.jpg,1000,753,click
images/click/267.jpg,1000,753,click
images/click/268.jpg,1000,753,click
images/click/269.jpg,1000,753,click
images/click/27.jpg,1000,753,click
images/click/270.jpg,1000,753,click
images/click/271.jpg,1000,753,click
images/click/272.jpg,1000,753,click
images/click/273.jpg,1000,753,click
images/click/274.jpg,1000,753,click
images/click/275.jpg,1000,753,click
images/click/276.jpg,1000,753,click
images/click/277.jpg,1000,753,click
images/click/278.jpg,1000,753,click
images/click/279.jpg,1000,753,click
images/click/28.jpg,1000,753,click
images/click/280.jpg,1000,753,click
images/click/281.jpg,1000,753,click
images/click/282.jpg,1000,753,click
images/click/283.jpg,1000,753,click
images/click/284.jpg,1000,753,click
images/click/285.jpg,1000,753,click
images/click/286.jpg,1000,753,click
images/click/287.jpg,1000,753,click
images/click/288.jpg,1000,753,click
images/click/289.jpg,1000,753,click
images/click/29.jpg,1000,753,click
images/click/290.jpg,1000,753,click
images/click/291.jpg,1000,753,click
images/click/292.jpg,1000,753,click
images/click/293.jpg,1000,753,click
images/click/294.jpg,1000,753,click
images/click/295.jpg,1000,753,click
images/click/296.jpg,1000,753,click
images/click/297.jpg,1000,753,click
images/click/298.jpg,1000,753,click
images/click/299.jpg,1000,753,click
images/click/3.jpg,1000,753,click
images/click/30.jpg,1000,753,click
images/click/300.jpg,1000,753,click
images/click/301.jpg,1000,753,click
images/click/302.jpg,1000,753,click
images/click/303.jpg,1000,753,click
images/click/304.jpg,1000,753,click
images/click/305.jpg,1000,753,click
images/click/306.jpg,1000,753,click
images/click/307.jpg,1000,753,click
images/click/308.jpg,1000,753,click
images/click/309.jpg,1000,753,click
images/click/31.jpg,1000,753,click
images/click/310.jpg,1000,753,click
images/click/311.jpg,1000,753,click
images/click/312.jpg,1000,753,click
images/click/313.jpg,1000,753,click
images/click/314.jpg,1000,753,click
images/click/315.jpg,1000,753,click
images/click/316.jpg,1000,753,click
images/click/317.jpg,1000,753,click
images/click/318.jpg,1000,753,click
images/click/319.jpg,1000,753,click
images/click/32.jpg,1000,753,click
images/click/320.jpg,1000,753,click
images/click/321.jpg,1000,753,click
images/click/322.jpg,1000,753,click
images/click/323.jpg,1000,753,click
images/click/324.jpg,1000,753,click
images/click/325.jpg,1000,753,click
images/click/326.jpg,1000,753,click
images/click/327.jpg,1000,753,click
images/click/328.jpg,1000,753,click
images/click/329.jpg,1000,753,click
images/click/33.jpg,1000,753,click
images/click/330.jpg,1000,753,click
images/click/331.jpg,1000,753,click
images/click/332.jpg,1000,753,click
images/click/333.jpg,1000,753,click
images/click/334.jpg,1000,753,click
images/click/335.jpg,1000,753,click
images/click/336.jpg,1000,753,click
images/click/337.jpg,1000,753,click
images/click/338.jpg,1000,753,click
images/click/339.jpg,1000,753,click
images/click/34.jpg,1000,753,click
images/click/340.jpg,1000,753,click
images/click/341.jpg,1000,753,click
images/click/342.jpg,1000,753,click
images/click/343.jpg,1000,753,click
images/click/344.jpg,1000,753,click
images/click/345.jpg,1000,753,click
images/click/346.jpg,1000,753,click
images/click/347.jpg,1000,753,click
images/click/348.jpg,1000,753,click
images/click/349.jpg,1000,753,click
images/click/35.jpg,1000,753,click
images/click/350.jpg,1000,753,click
images/click/351.jpg,1000,753,click
images/click/352.jpg,1000,753,click
images/click/353.jpg,1000,753,click
images/click/354.jpg,1000,753,click
images/click/355.jpg,1000,753,click
images/click/356.jpg,1000,753,click
images/click/357.jpg,1000,753,click
images/click/358.jpg,1000,753,click
images/click/359.jpg,1000,753,click
images/click/36.jpg,1000,753,click
images/click/360.jpg,1000,753,click
images/click/361.jpg,1000,753,click
images/click/362.jpg,1000,753,click
images/click/363.jpg,1000,753,click
images/click/364.jpg,1000,753,click
images/click/365.jpg,1000,753,click
images/click/366.jpg,1000,753,click
images/click/367.jpg,1000,753,click
images/click/368.jpg,1000,753,click
images/click/369.jpg,1000,753,click
images/click/37.jpg,1000,753,click
images/click/370.jpg,1000,753,click
images/click/371.jpg,1000,753,click
images/click/372.jpg,1000,753,click
images/click/373.jpg,1000,753,click
images/click/374.jpg,1000,753,click
images/click/375.jpg,1000,753,click
images/click/376.jpg,1000,753,click
images/click/377.jpg,1000,753,click
images/click/378.jpg,1000,753,click
images/click/379.jpg,1000,753,click
images/click/38.jpg,1000,753,click
images/click/380.jpg,1000,753,click
images/click/381.jpg,1000,753,click
images/click/382.jpg,1000,753,click
images/click/383.jpg,1000,753,click
images/click/384.jpg,1000,753,click
images/click/385.jpg,1000,753,click
images/click/386.jpg,1000,753,click
images/click/387.jpg,1000,753,click
images/click/388.jpg,1000,753,click
images/click/389.jpg,1000,753,click
images/click/39.jpg,1000,753,click
images/click/390.jpg,1000,753,click
images/click/391.jpg,1000,753,click
images/click/392.jpg,1000,753,click
images/click/393.jpg,1000,753,click
images/click/394.jpg,1000,753,click
images/click/395.jpg,1000,753,click
images/click/396.jpg,1000,753,click
images/click/397.jpg,1000,753,click
images/click/398.jpg,1000,753,click
images/click/399.jpg,1000,753,click
images/click/4.jpg,1000,753,click
images/click/40.jpg,1000,753,click
images/click/400.jpg,1000,753,click
images/click/401.jpg,1000,753,click
images/click/402.jpg,1000,753,click
images/click/403.jpg,1000,753,click
images/click/404.jpg,1000,753,click
images/click/405.jpg,1000,753,click
images/click/406.jpg,1000,753,click
images/click/407.jpg,1000,753,click
images/click/408.jpg,1000,753,click
images/click/409.jpg,1000,753,click
images/click/41.jpg,1000,753,click
images/click/410.jpg,1000,753,click
images/click/411.jpg,1000,753,click
images/click/412.jpg,1000,753,click
images/click/413.jpg,1000,753,click
images/click/414.jpg,1000,753,click
images/click/415.jpg,1000,753,click
images/click/416.jpg,1000,753,click
images/click/417.jpg,1000,753,click
images/click/418.jpg,1000,753,click
images/click/419.jpg,1000,753,click
images/click/42.jpg,1000,753,click
images/click/420.jpg,1000,753,click
images/click/421.jpg,1000,753,click
images/click/422.jpg,1000,753,click
images/click/423.jpg,1000,753,click
images/click/424.jpg,1000,753,click
images/click/425.jpg,1000,753,click
images/click/426.jpg,1000,753,click
images/click/427.jpg,1000,753,click
images/click/428.jpg,1000,753,click
images/click/429.jpg,1000,753,click
images/click/43.jpg,1000,753,click
images/click/430.jpg,1000,753,click
images/click/431.jpg,1000,753,click
images/click/432.jpg,1000,753,click
images/click/433.jpg,1000,753,click
images/click/434.jpg,1000,753,click
images/click/435.jpg,1000,753,click
images/click/436.jpg,1000,753,click
images/click/437.jpg,1000,753,click
images/click/438.jpg,1000,753,click
images/click/439.jpg,1000,753,click
images/click/44.jpg,1000,753,click
images/click/440.jpg,1000,753,click
images/click/441.jpg,1000,753,click
images/click/442.jpg,1000,753,click
images/click/443.jpg,1000,753,click
images/click/444.jpg,1,1,click
images/click/445.jpg,1000,753,click
images/click/446.jpg,1000,753,click
images/click/447.jpg,1000,753,click
images/click/448.jpg,1000,753,click
images/click/449.jpg,1000,753,click
images/click/45.jpg,1000,753,click
images/click/450.jpg,1000,753,click
images/click/451.jpg,1000,753,click
images/click/452.jpg,1000,753,click
images/click/453.jpg,1000,753,click
images/click/454.jpg,1000,753,click
images/click/455.jpg,1000,753,click
images/click/456.jpg,1000,753,click
images/click/457.jpg,1000,753,click
images/click/458.jpg,1000,753,click
images/click/459.jpg,1000,753,click
images/click/46.jpg,1000,753,click
images/click/460.jpg,1000,753,click
images/click/461.jpg,1000,753,click
images/click/462.jpg,1000,753,click
images/click/463.jpg,1000,753,click
images/click/464.jpg,1000,753,click
images/click/465.jpg,1000,753,click
images/click/466.jpg,1000,753,click
images/click/467.jpg,1000,753,click
images/click/468.jpg,1000,753,click
images/click/469.jpg,1000,753,click
images/click/47.jpg,1000,753,click
images/click/470.jpg,1000,753,click
images/click/471.jpg,1000,753,click
images/click/472.jpg,1000,753,click
images/click/473.jpg,1000,753,click
images/click/474.jpg,1000,753,click
images/click/475.jpg,1000,753,click
images/click/476.jpg,1000,753,click
images/click/477.jpg,1000,753,click
images/click/478.jpg,1000,753,click
images/click/479.jpg,1000,753,click
images/click/48.jpg,1000,753,click
images/click/480.jpg,1000,753,click
images/click/481.jpg,1000,753,click
images/click/482.jpg,1000,753,click
images/click/483.jpg,1000,753,click
images/click/484.jpg,1000,753,click
images/click/485.jpg,1000,753,click
images/click/486.jpg,1000,753,click
images/click/487.jpg,1000,753,click
images/click/488.jpg,1000,753,click
images/click/489.jpg,1000,753,click
images/click/49.jpg,1000,753,click
images/click/490.jpg,1000,753,click
images/click/491.jpg,1000,753,click
images/click/492.jpg,1000,753,click
images/click/493.jpg,1000,753,click
images/click/494.jpg,1000,753,click
images/click/495.jpg,1000,753,click
images/click/496.jpg,1000,753,click
images/click/497.jpg,1000,753,click
images/click/498.jpg,1000,753,click
images/click/499.jpg,1000,753,click
images/click/5.jpg,1000,753,click
images/click/50.jpg,1000,753,click
images/click/500.jpg,1000,753,click
images/click/501.jpg,1000,753,click
images/click/502.jpg,1000,753,click
images/click/503.jpg,1000,753,click
images/click/504.jpg,1000,753,click
images/click/505.jpg,1000,753,click
images/click/506.jpg,1000,753,click
images/click/507.jpg,1000,753,click
images/click/508.jpg,1000,753,click
images/click/509.jpg,1000,753,click
images/click/51.jpg,1000,753,click
images/click/510.jpg,1000,753,click
images/click/511.jpg,1000,753,click
images/click/512.jpg,1000,753,click
images/click/513.jpg,1000,753,click
images/click/514.jpg,1000,753,click
images/click/515.jpg,1000,753,click
images/click/516.jpg,1000,753,click
images/click/517.jpg,1000,753,click
images/click/518.jpg,1000,753,click
images/click/519.jpg,1000,753,click
images/click/52.jpg,1000,753,click
images/click/520.jpg,1000,753,click
images/click/521.jpg,1000,753,click
images/click/522.jpg,1000,753,click
images/click/523.jpg,1000,753,click
images/click/524.jpg,1000,753,click
images/click/525.jpg,1000,753,click
images/click/526.jpg,1000,753,click
images/click/527.jpg,1000,753,click
images/click/528.jpg,1000,753,click
images/click/529.jpg,1000,753,click
images/click/53.jpg,1000,753,click
images/click/530.jpg,1000,753,click
images/click/531.jpg,1000,753,click
images/click/532.jpg,1000,753,click
images/click/533.jpg,1000,753,click
images/click/534.jpg,1000,753,click
images/click/535.jpg,1000,753,click
images/click/536.jpg,1000,753,click
images/click/537.jpg,1000,753,click
images/click/538.jpg,1000,753,click
images/click/539.jpg,1000,753,click
images/click/54.jpg,1000,753,click
images/click/540.jpg,1000,753,click
images/click/541.jpg,1000,753,click
images/click/542.jpg,1000,753,click
images/click/543.jpg,1000,753,click
images/click/544.jpg,1000,753,click
images/click/545.jpg,1000,753,click
images/click/546.jpg,1000,753,click
images/click/547.jpg,1000,753,click
images/click/548.jpg,1000,753,click
images/click/549.jpg,1000,753,click
images/click/55.jpg,1000,753,click
images/click/550.jpg,1000,753,click
images/click/551.jpg,1000,753,click
images/click/552.jpg,1000,753,click
images/click/553.jpg,1000,753,click
images/click/554.jpg,1000,753,click
images/click/555.jpg,1000,753,click
images/click/556.jpg,1000,753,click
images/click/557.jpg,1000,753,click
images/click/558.jpg,1000,753,click
images/click/559.jpg,1000,753,click
images/click/56.jpg,1000,753,click
images/click/560.jpg,1000,753,click
images/click/561.jpg,1000,753,click
images/click/562.jpg,1000,753,click
images/click/563.jpg,1000,753,click
images/click/564.jpg,1000,753,click
images/click/565.jpg,1000,753,click
images/click/566.jpg,1000,753,click
images/click/567.jpg,1000,753,click
images/click/568.jpg,1000,753,click
images/click/569.jpg,1000,753,click
images/click/57.jpg,1000,753,click
images/click/570.jpg,1000,753,click
images/click/571.jpg,1000,753,click
images/click/572.jpg,1000,753,click
images/click/573.jpg,1000,753,click
images/click/574.jpg,1000,753,click
images/click/575.jpg,1000,753,click
images/click/576.jpg,1000,753,click
images/click/577.jpg,1000,753,click
images/click/578.jpg,1000,753,click
images/click/579.jpg,1000,753,click
images/click/58.jpg,1000,753,click
images/click/580.jpg,1000,753,click
images/click/581.jpg,1000,753,click
images/click/582.jpg,1000,753,click
images/click/583.jpg,1000,753,click
images/click/584.jpg,1000,753,click
images/click/585.jpg,1000,753,click
images/click/586.jpg,1000,753,click
images/click/587.jpg,1000,753,click
images/click/588.jpg,1000,753,click
images/click/589.jpg,1000,753,click
images/click/59.jpg,1000,753,click
images/click/590.jpg,1000,753,click
images/click/591.jpg,1000,753,click
images/click/592.jpg,1000,753,click
images/click/593.jpg,1000,753,click
images/click/594.jpg,1000,753,click
images/click/595.jpg,1000,753,click
images/click/596.jpg,1000,753,click
images/click/597.jpg,1000,753,click
images/click/598.jpg,1000,753,click
images/click/599.jpg,1000,753,click
images/click/6.jpg,1000,753,click
images/click/60.jpg,1000,753,click
images/click/600.jpg,1,1,click
images/click/601.jpg,1000,753,click
images/click/602.jpg,1000,753,click
images/click/603.jpg,1000,753,click
images/click/604.jpg,1000,753,click
images/click/605.jpg,1000,753,click
images/click/606.jpg,1000,753,click
images/click/607.jpg,1000,753,click
images/click/608.jpg,1000,753,click
images/click/609.jpg,1000,753,click
images/click/61.jpg,1000,753,click
images/click/610.jpg,1000,753,click
images/click/611.jpg,1000,753,click
images/click/612.jpg,1000,753,click
images/click/613.jpg,1000,753,click
images/click/614.jpg,1000,753,click
images/click/615.jpg,1000,753,click
images/click/616.jpg,1000,753,click
images/click/617.jpg,1000,753,click
images/click/618.jpg,1000,753,click
images/click/619.jpg,1000,753,click
images/click/62.jpg,1000,753,click
images/click/63.jpg,1000,753,click
images/click/64.jpg,1000,753,click
images/click/65.jpg,1000,753,click
images/click/66.jpg,1000,753,click
images/click/67.jpg,1000,753,click
images/click/68.jpg,1000,753,click
images/click/69.jpg,1000,753,click
images/click/7.jpg,1000,753,click
images/click/70.jpg,1000,753,click
images/click/71.jpg,1000,753,click
images/click/72.jpg,1000,753,click
images/click/73.jpg,1000,753,click
images/click/74.jpg,1000,753,click
images/click/75.jpg,1000,753,click
images/click/76.jpg,1000,753,click
images/click/77.jpg,1000,753,click
images/click/78.jpg,1000,753,click
images/click/79.jpg,1000,753,click
images/click/8.jpg,1000,753,click
images/click/80.jpg,1000,753,click
images/click/81.jpg,1000,753,click
images/click/82.jpg,1000,753,click
images/click/83.jpg,1000,753,click
images/click/84.jpg,1000,753,click
images/click/85.jpg,1000,753,click
images/click/86.jpg,1000,753,click
images/click/87.jpg,1000,753,click
images/click/88.jpg,1000,753,click
images/click/89.jpg,1000,753,click
images/click/9.jpg,1000,753,click
images/click/90.jpg,1000,753,click
images/click/91.jpg,1000,753,click
images/click/92.jpg,1000,753,click
images/click/93.jpg,1000,753,click
images/click/94.jpg,1000,753,click
images/click/95.jpg,1000,753,click
images/click/96.jpg,1000,753,click
images/click/97.jpg,1000,753,click
images/click/98.jpg,1000,753,click
images/click/99.jpg,1000,753,click
